{
    "Fine_tuned": {
        "Precision": 0.8675200343132019,
        "Recall": 0.8654794096946716,
        "F1": 0.8664075136184692
    },
    "Base": {
        "Precision": 0.8282496929168701,
        "Recall": 0.8332780003547668,
        "F1": 0.8306448459625244
    }
}